{
    "true_negative": 1.0,
    "true_positive": 0.5217391304347826,
    "false_negative": 0.4782608695652174,
    "false_positive": 0.0
}
